model,test_acc,test_f1,test_auc
LogisticRegression,0.9824561403508771,0.9861111111111112,0.9953703703703703
SVM(RBF),0.9824561403508771,0.9861111111111112,0.9950396825396826
KNN,0.956140350877193,0.9655172413793104,0.9788359788359788
RandomForest,0.956140350877193,0.9655172413793104,0.9938822751322751
DecisionTree,0.9122807017543859,0.9285714285714286,0.9156746031746031
